{
  "eye": {
    "orientation": [
      -0.3698004484176636,
      0.6552161574363708,
      0.6010928750038147,
      -0.2694939374923706
    ],
    "magnitude": 0.07607436925172806,
    "position": [
      -627.281982421875,
      1290.7269287109375,
      88.95877075195312
    ]
  },
  "radius": 793.2212524414062,
  "type": "PERSPECTIVE"
}