{
  "eye": {
    "orientation": [
      -0.020922917872667313,
      0.00811526644974947,
      0.003596276044845581,
      0.9997417330741882
    ],
    "magnitude": 0.5773502588272095,
    "position": [
      665.5452880859375,
      426.90936279296875,
      1884.826416015625
    ]
  },
  "radius": 793.2212524414062,
  "type": "PERSPECTIVE"
}