{
  "eye": {
    "orientation": [
      0.17131882905960083,
      -0.7681934237480164,
      0.2299092710018158,
      0.5724250078201294
    ],
    "magnitude": 0.5773502588272095,
    "position": [
      90.57067108154297,
      -170.73779296875,
      208.3331298828125
    ]
  },
  "radius": 1500,
  "type": "PERSPECTIVE"
}